{"L1_pixel_loss": 0.9375886917114258, "_timestamp": 1699018087.8162632, "_runtime": 29.378870248794556, "_step": 319, "bbox_pred": 0.9786179065704346, "ac_loss": 0.46110913157463074, "g_gan_obj_loss": 0.00715492432937026, "g_gan_img_loss": 0.0069203912280499935, "total_loss": 2.3913910388946533, "d_obj_gan_loss": 1.3514621257781982, "d_ac_loss_real": 4.641841411590576, "d_ac_loss_fake": 4.611091136932373, "d_img_gan_loss": 1.3738739490509033, "_wandb": {"runtime": 29}}